{"_wandb":{"runtime":3},"train_loss":0.20819492638111115,"val_loss":0.42065346240997314,"_timestamp":1.7493965825159543e+09,"_runtime":3.1226146,"_step":47}