{"_wandb":{"runtime":4},"_timestamp":1.7493960824154694e+09,"_runtime":4.0621509,"_step":58,"train_loss":0.09340216219425201,"val_loss":0.37538108229637146}