{"loss":0.15502493412356308,"_timestamp":1.7492107975238142e+09,"_runtime":2.5295767,"_step":7,"_wandb":{"runtime":2},"acc":0.8303538106745785}