{"_wandb":{"runtime":3},"_step":44,"train_loss":0.18007224798202515,"val_loss":0.45715969800949097,"_timestamp":1.7493961083022296e+09,"_runtime":3.1564258}